Date,Open,High,Low,Close,Adj Close,Volume
16/10/2024,269,272.89,269,270.95,270.95,797236
15/10/2024,267.77,269.07,265.64,265.92,265.92,1362700
14/10/2024,264.34,267.9,263.95,267.45,267.45,922300
11/10/2024,265.35,267.18,264.17,264.36,264.36,965700
10/10/2024,263.35,265.98,263.2,264.27,264.27,872800
9/10/2024,263.53,267.09,262.74,264.64,264.64,1308300
8/10/2024,260.94,262.3,259.36,261.4,261.4,1073100
7/10/2024,259.38,261.21,258.1,260.5,260.5,1342300
4/10/2024,264.8,265.03,259.27,260.84,260.84,1637300
3/10/2024,266,266.24,261.37,262.08,262.08,1733100
2/10/2024,268.93,269.52,266.36,266.93,266.93,1406400
1/10/2024,273.86,275.32,268,269.56,269.56,1703800
30/9/2024,269.62,276.75,269.06,273.68,273.68,2906100
27/9/2024,267.1,270.48,266.5,267.55,267.55,1819200
26/9/2024,267.09,270.99,265.21,266.33,266.33,1862400
25/9/2024,266.01,267.77,262.85,263.77,263.77,2593700
24/9/2024,259.12,268.33,259.12,267.13,267.13,4109000
23/9/2024,255.51,260.73,255.5,258.79,258.79,3730600
20/9/2024,260.77,262.56,253.5,254.64,254.64,17455500
19/9/2024,304.13,308,297.87,300.39,300.39,4220500
18/9/2024,295.52,301.01,295.52,298.17,298.17,1373500
17/9/2024,296,300.45,294.7,297.34,297.34,1331300
16/9/2024,289.74,293.81,288.35,292.63,292.63,1141500
13/9/2024,287.57,287.57,280.87,286.38,286.38,1142600
12/9/2024,285.67,288.31,284.33,286,286,862200
11/9/2024,282.66,285.37,277.89,284.86,284.86,937700
10/9/2024,283.92,284.82,280.08,283.85,283.85,940100
9/9/2024,283.5,286.18,282.93,283.3,283.3,880000
6/9/2024,285.38,288.01,282.65,283.04,281.66,1117400
5/9/2024,293.46,293.95,283.75,285.31,283.92,1318000
4/9/2024,293.91,295.36,292,292.84,291.41,719000
3/9/2024,296.06,297.16,291.56,293.48,292.05,1138800
30/8/2024,297.09,299.1,294.71,298.77,297.31,1096900
29/8/2024,297.75,299.19,295.46,296.25,294.81,730000
28/8/2024,294.91,297.58,294.2,296.13,294.69,712200
27/8/2024,297.23,297.64,292.73,294.9,293.46,828600
26/8/2024,298.57,299.31,295.75,297.24,295.79,771600
23/8/2024,295.91,298.57,294.84,297.18,295.73,865600
22/8/2024,292.6,294.63,290.67,294.28,292.85,980000
21/8/2024,290.76,292.63,289.29,291.52,290.1,787200
20/8/2024,287.99,289,286.46,288.44,287.03,591700
19/8/2024,285.88,288.87,285.52,288.42,287.01,804100
16/8/2024,284,285.55,279.15,285.4,284.01,1318300
15/8/2024,287.3,291.7,282.64,284.18,282.79,1292900
14/8/2024,283.31,285.03,282.82,283.33,281.95,768200
13/8/2024,280.23,283.39,279.2,283.1,281.72,1232000
12/8/2024,279.21,281.41,277.49,279.15,277.79,1247200
9/8/2024,277.44,277.97,274.15,277.41,276.06,1256100
8/8/2024,279.12,281.8,276.46,278.62,277.26,1573400
7/8/2024,289,289,277.06,278.13,276.77,1791000
6/8/2024,28480,28970,28257,28573,28434,1424500
5/8/2024,284.61,289.18,279.6,283.09,281.71,2684000
2/8/2024,292.98,294.54,287.73,292.3,290.87,2252700
1/8/2024,303.22,305.87,296.29,297.83,296.38,1532600
31/7/2024,301.05,305.61,300.88,302.25,300.78,947400
30/7/2024,299.96,303,299.31,300.88,299.41,1038500
29/7/2024,300.32,301.97,298.06,299.23,297.77,864900
26/7/2024,299.85,302.18,297.47,300.14,298.68,1200800
25/7/2024,298.29,303.29,298.01,298.59,297.13,1262600
24/7/2024,300.81,300.81,296.58,298.28,296.83,1541100
23/7/2024,299,304.09,297.75,300.8,299.33,2268400
22/7/2024,307,307.74,301.4,307.43,305.93,1414200
19/7/2024,306.62,308.73,304.02,306.31,304.82,1294600
18/7/2024,308.98,313.16,305.64,306.62,305.13,1603000
17/7/2024,310.43,313.67,308.1,310.43,308.92,1588100
16/7/2024,305.84,313.84,305.77,313.52,311.99,2812600
15/7/2024,300.46,305.59,299.06,305.02,303.53,2068700
12/7/2024,298.56,301.01,297.68,299.02,297.56,1445700
11/7/2024,294.99,300.94,294.68,299.54,298.08,1860000
10/7/2024,292.73,293.66,289.46,293.27,291.84,1466600
9/7/2024,296,296.84,292.52,292.73,291.3,1252100
8/7/2024,294.51,297.89,293.62,295.53,294.09,1533000
5/7/2024,293.71,294.97,292.07,294,292.57,1480200
3/7/2024,299.24,299.5,292.65,293.71,292.28,1274300
2/7/2024,296.49,301.21,296.49,298.22,296.77,1834400
1/7/2024,298.12,301.28,297.21,298.68,297.22,2469100
28/6/2024,293.9,302.41,293.44,299.84,298.38,4278900
27/6/2024,293.12,295.85,288.41,295.47,294.03,3989200
26/6/2024,288.43,296.86,284,296.19,294.75,11126100
25/6/2024,256.15,256.8,252.6,256.38,255.13,6313700
24/6/2024,253.98,257.31,253.14,256.51,255.26,1897200
21/6/2024,252.98,255.89,251.61,253.66,251.05,3145200
20/6/2024,248.76,253.35,248.47,252.52,249.92,1488600
18/6/2024,250.2,252.41,247.6,248.09,245.54,1506100
17/6/2024,245.54,250.47,244.85,250.06,247.49,1252200
14/6/2024,246.55,247.91,242.92,246.43,243.89,1245800
13/6/2024,249.14,249.5,244.26,248.6,246.04,1015600
12/6/2024,253.38,254.3,248.13,248.6,246.04,1555900
11/6/2024,252.16,252.59,249.9,252.43,249.83,1176900
10/6/2024,247,254.21,245.92,253.72,251.11,1475300
7/6/2024,247.96,251.37,247.15,247.73,245.18,1281900
6/6/2024,248.05,251.29,247.31,250.27,247.69,1171200
5/6/2024,247.9,248.34,244.47,248.05,245.5,930200
4/6/2024,248,248.33,244.26,245.95,243.42,1253600
3/6/2024,253.38,253.99,246.71,248.62,246.06,1409800
31/5/2024,250,254.33,248.12,253.96,251.35,1746900
30/5/2024,246.15,249.7,245.51,249.58,247.01,1084300
29/5/2024,245.84,247.03,244.31,245.11,242.59,1108000
28/5/2024,247.2,249.43,246.71,248.04,245.49,1229800
24/5/2024,250,250.89,246.31,247.59,245.04,1096000
23/5/2024,251.55,252.15,246.9,249.29,246.72,1446500
22/5/2024,252,252.66,249.79,252.07,249.48,1766000
21/5/2024,254,254.8,250.93,252.33,249.73,1027200
20/5/2024,256.99,257.41,254.07,254.71,252.09,899400
17/5/2024,260.08,260.08,256.28,257.25,254.6,1419700
16/5/2024,258.56,260.99,257.41,258.78,256.12,1136300
15/5/2024,260,260.73,258.19,259.32,256.65,1145600
14/5/2024,267.22,267.63,258.35,259.04,256.37,2534000
13/5/2024,266.03,268.33,265.03,266.89,264.14,2036200
10/5/2024,262.06,265.95,262.06,265.73,263,1092400
9/5/2024,258.18,262.51,258.18,262.06,259.36,923700
8/5/2024,257.78,259,255.81,258.01,255.36,1453900
7/5/2024,261.23,262.04,258.49,259.47,256.8,1356100
6/5/2024,262.84,263,260.17,260.29,257.61,929600
3/5/2024,263.5,265.57,259.85,260.65,257.97,1085100
2/5/2024,263.29,263.88,260.01,262.03,259.33,1311600
1/5/2024,261.65,263.03,259.78,260.73,258.05,901000
30/4/2024,264.84,264.97,261.66,261.78,259.09,853900
29/4/2024,266.53,268.24,263.96,265.86,263.12,786800
26/4/2024,264.13,267.45,263.31,265.84,263.1,958900
25/4/2024,263.94,265.8,262.7,265.52,262.79,876100
24/4/2024,270.51,271.33,263.58,266.07,263.33,1696600
23/4/2024,270.42,273.91,270,271.75,268.95,1187000
22/4/2024,268.67,271.94,267.02,270.15,267.37,1246600
19/4/2024,264.24,269.1,263.46,266.99,264.24,1894300
18/4/2024,264.11,265.2,262.08,263.37,260.66,1063600
17/4/2024,264.4,265.93,262.22,263.07,260.36,1371800
16/4/2024,266.58,266.85,263.16,264.94,262.21,1421100
15/4/2024,270.82,271.61,266.15,266.74,264,998900
12/4/2024,271.11,271.72,265.9,267.8,265.04,1176000
11/4/2024,270.39,273.06,269.7,272.18,269.38,1031900
10/4/2024,272.23,273.87,267.76,270.3,267.52,2603100
9/4/2024,275.03,276.55,273.6,276.37,273.53,1223800
8/4/2024,274.98,276.52,274.26,275.57,272.73,2048700
5/4/2024,275,275.95,272.16,273.52,270.71,1568900
4/4/2024,280.43,281.19,274.4,275.51,272.68,1836500
3/4/2024,276.68,279.64,275,278.49,275.62,1805800
2/4/2024,276.51,277.93,273.84,275.29,272.46,2516400
1/4/2024,284.24,287.09,279.37,280.13,277.25,2784000
28/3/2024,287.28,290.44,286.46,289.74,286.76,1650700
27/3/2024,289.81,289.81,284.3,287.88,284.92,1786500
26/3/2024,283.13,290.87,282.86,288.99,286.02,4527600
25/3/2024,280.78,283.02,277.55,282.57,279.66,3028400
22/3/2024,286,291.27,281.4,284.32,281.39,8184900
21/3/2024,259.55,265.53,259.54,264.85,262.12,4879400
20/3/2024,256.62,260.18,255.01,259.99,257.31,1890200
19/3/2024,252.93,257.27,252.51,256.62,253.98,1444300
18/3/2024,253.32,254.94,251.68,253.18,250.57,1558600
15/3/2024,252.87,255.81,252.33,253.29,250.68,3295900
14/3/2024,254.67,256.36,253.55,255.53,252.9,1333900
13/3/2024,255.55,258.18,255.16,255.22,252.59,1492300
12/3/2024,253.25,258.21,253.19,254.22,251.6,1912300
11/3/2024,247.84,253.4,247.84,252.7,250.1,1475000
8/3/2024,250.07,250.29,247.49,247.68,245.13,1117000
7/3/2024,249.71,251.17,248.99,250.24,246.42,1536600
6/3/2024,249.81,251.65,247.43,248.4,244.61,1649900
5/3/2024,245.58,248.79,245.16,248.72,244.92,1381000
4/3/2024,245.04,248.1,244.53,246.77,243,1594600
1/3/2024,248.04,249.18,245.57,246.6,242.83,1682600
29/2/2024,245.78,249.46,245.21,248.97,245.17,2789200
28/2/2024,239.33,244.52,239.07,244.37,240.64,1442600
27/2/2024,241.32,242.6,240.9,241.4,237.71,1029900
26/2/2024,241.62,243.89,240.52,241.12,237.44,1294700
23/2/2024,244.23,244.95,242.52,243.46,239.74,1128800
22/2/2024,242.14,244.3,241.58,244.16,240.43,1344900
21/2/2024,239.72,241.54,238.21,241.41,237.72,1497100
20/2/2024,236.52,239.66,235.32,239.54,235.88,1671600
16/2/2024,235.81,238.19,234.45,237.59,233.96,2112800
15/2/2024,236.27,238.32,235.74,236.52,232.91,1520400
14/2/2024,237.42,237.7,235.31,236.83,233.21,1454000
13/2/2024,240.75,240.84,235.05,236.39,232.78,2513600
12/2/2024,242.71,244.6,241.86,244.44,240.71,1773200
9/2/2024,242.06,242.82,240.13,242.62,238.91,1786300
8/2/2024,241.9,243.34,240.41,241.75,238.06,1847300
7/2/2024,242.02,243.28,240.33,242.13,238.43,2155500
6/2/2024,238.9,243.78,238.71,241.32,237.63,2625000
5/2/2024,240.79,241.6,237.95,238.31,234.67,2624900
2/2/2024,241.5,243.82,239.34,242.36,238.66,1999200
1/2/2024,241.39,242.59,239.18,241.95,238.25,2417100
31/1/2024,243.41,244.45,240.54,241.29,237.6,2990600
30/1/2024,243.32,247.05,241.35,243.77,240.05,3961500
29/1/2024,250.86,251.01,246.01,248.03,244.24,2612200
26/1/2024,253.42,254.44,250.78,251.55,247.71,1755800
25/1/2024,251.85,254.85,251.46,253.13,249.26,1714500
24/1/2024,252.17,253.52,248.79,249.73,245.92,2466500
23/1/2024,251.18,251.84,249.3,250.85,247.02,1633700
22/1/2024,247.4,251.73,247.4,250.69,246.86,2300000
19/1/2024,244.79,246.65,242.02,246.53,242.76,2410500
18/1/2024,244.92,244.92,242,244.07,240.34,1995300
17/1/2024,242,244.79,241.5,243.29,239.57,1904200
16/1/2024,247.25,247.25,243.66,245.04,241.3,2805000
12/1/2024,250.27,251.53,247.6,248.57,244.77,1603600
11/1/2024,250.14,251.73,248.39,250.85,247.02,2020400
10/1/2024,246.79,251.09,246.03,250.81,246.98,1968700
9/1/2024,247.1,248.71,246.64,247.25,243.47,1514100
8/1/2024,248.27,249.84,246.11,248.59,244.79,2226700
5/1/2024,245.04,248.83,244.51,246.81,243.04,2267600
4/1/2024,247.25,247.74,245.08,245.29,241.54,2911800
3/1/2024,250.27,250.27,245.8,247.64,243.86,2949900
2/1/2024,251.51,252.94,250.23,252.24,248.39,2488000
29/12/2023,254.07,255.63,251.87,252.97,249.11,1947400
28/12/2023,250.78,253.98,250.6,253.58,249.71,2246900
27/12/2023,252.76,254.65,250.72,250.94,247.11,3134400
26/12/2023,250,253.29,249.2,251.99,248.14,3594500
22/12/2023,247.22,249.42,245.85,248.03,244.24,3343100
21/12/2023,248.11,248.75,244.63,247.36,243.58,5851700
20/12/2023,246.5,252.68,245.93,246.25,242.49,18816500
19/12/2023,281.07,283.58,278.5,280,275.72,6880300
18/12/2023,283.25,285.53,280.64,281.92,277.61,2469100
15/12/2023,277.85,284.52,276.89,281.29,276.99,2766700
14/12/2023,277.5,282.24,275.97,279.46,275.19,2889700
13/12/2023,272.04,274.87,268.56,273.83,269.65,1500000
12/12/2023,273.48,276.25,272.14,273.01,268.84,1539900
11/12/2023,271.96,273.9,271.09,271.38,267.24,1295500
8/12/2023,267.42,273.76,267.38,272.21,268.05,2046000
7/12/2023,268,268.98,265.52,267.63,262.3,1401400
6/12/2023,267.43,269.04,266.39,267.21,261.89,1649300
5/12/2023,264.22,267.28,262.51,266.08,260.78,1176200
4/12/2023,262.63,267.8,261.89,265.6,260.31,1420300
1/12/2023,259.15,265.3,258.53,264.42,259.16,1994900
30/11/2023,253.83,259.19,252.17,258.83,253.68,1806600
29/11/2023,255.59,257.26,253.43,253.93,248.87,1012100
28/11/2023,254.06,256.3,252.16,253.41,248.36,1141900
27/11/2023,255.83,256.84,251.66,253.6,248.55,1787400
24/11/2023,257.23,259.21,256.46,257.61,252.48,452200
22/11/2023,257.56,257.56,255.12,256.46,251.35,954700
21/11/2023,255.06,256.58,253.27,255.86,250.77,851700
20/11/2023,255.36,256.6,252.38,255.54,250.45,1201600
17/11/2023,256.85,257.58,253.63,255.95,250.85,1231400
16/11/2023,256.88,257.74,251.53,254.94,249.86,1496100
15/11/2023,253.93,261.92,253.93,257.42,252.3,2121900
14/11/2023,248.95,255.9,248.26,254.18,249.12,1899100
13/11/2023,244.89,246.04,242.3,245.39,240.5,946200
10/11/2023,242.17,246.79,240.75,246.03,241.13,1239500
9/11/2023,246.55,247,240.75,241.19,236.39,944100
8/11/2023,244.99,245.56,242.87,245.37,240.48,1104800
7/11/2023,242.97,245.64,242.32,244.2,239.34,948600
6/11/2023,247.36,247.7,241.91,245.33,240.45,1018000
3/11/2023,249.21,250,246.9,247.14,242.22,1409200
2/11/2023,245.22,249.23,245.22,247.25,242.33,1490200
1/11/2023,240.56,245.32,239.69,243.23,238.39,2079300
31/10/2023,238.18,240.68,236.7,240.1,235.32,1550400
30/10/2023,229.53,237.63,229.07,236.82,232.11,2081700
27/10/2023,228.46,233.19,227.09,228.84,224.28,2004500
26/10/2023,234.42,235.72,224.69,227.93,223.39,2987800
25/10/2023,240.71,241.38,234.33,235.21,230.53,1612400
24/10/2023,239.31,243.07,239.08,241.68,236.87,1469500
23/10/2023,239.7,241.86,236.95,237.97,233.23,1342900
20/10/2023,244.38,245.81,238.62,240.62,235.83,1680200
19/10/2023,244.15,247.27,242.34,243.29,238.45,1388400
18/10/2023,245.1,246.07,241.92,243.61,238.76,1842400
17/10/2023,245.36,249.45,244.78,248.03,243.09,1462500
16/10/2023,244.26,251.06,243.15,247.56,242.63,2025800
13/10/2023,251.68,253.8,241.04,242.84,238.01,2919200
12/10/2023,255.16,256,250.08,252.04,247.02,2514800
11/10/2023,256.5,256.92,252.58,255.46,250.37,2149200
10/10/2023,255.61,259.21,255.36,256.79,251.68,1501000
9/10/2023,255,256.87,252.88,255.72,250.63,1725900
6/10/2023,259.19,260.43,257.33,257.9,252.77,1580300
5/10/2023,258.7,260.08,257.49,259.16,254,1460100
4/10/2023,260.16,261.5,255.67,260.05,254.87,2152600
3/10/2023,264.33,265.5,259.3,260.19,255.01,2090300
2/10/2023,266,266.72,263.56,265.11,259.83,1913000
29/9/2023,269.39,270.46,263.65,264.92,259.65,2373200
28/9/2023,262.06,268.17,261,266.44,261.14,2038500
27/9/2023,261.9,263.08,260.05,262.71,257.48,1885800
26/9/2023,265.14,266.35,260.03,261.39,256.19,2368300
25/9/2023,260.29,268.43,260.22,266.43,261.13,2355900
22/9/2023,262.03,264.75,259.07,261.09,255.89,2826700
21/9/2023,262,268.38,259.23,261.85,256.64,7079500
20/9/2023,251.65,254.18,250.17,250.52,245.53,4014600
19/9/2023,249,251.19,246.05,249.99,245.01,2217600
18/9/2023,253.79,254.69,249.06,249.3,244.34,1780500
15/9/2023,258.61,258.62,252.62,254.08,249.02,2074600
14/9/2023,254,258.18,253.73,257.03,251.91,1568100
13/9/2023,250.92,254.7,249.91,252.16,247.14,1524600
12/9/2023,253.68,254.64,250.71,251.47,246.46,1133800
11/9/2023,255.11,255.82,253.31,254.7,249.63,1263700
8/9/2023,254.49,255.21,251.79,253.31,248.27,1179700
7/9/2023,257.39,257.44,254.53,256.16,249.83,1209100
6/9/2023,257.45,258.77,255.48,257.47,251.1,1099900
5/9/2023,260.18,260.33,256.4,256.62,250.27,1224900
1/9/2023,262.75,263.61,259.53,260.97,254.52,1436500
31/8/2023,263.67,264.63,260.6,261.02,254.57,1524300
30/8/2023,261.67,264.82,259.88,263.89,257.36,1524400
29/8/2023,257.37,260.63,257.17,260.58,254.14,1793700
28/8/2023,259.78,262.96,257.25,258.35,251.96,1059800
25/8/2023,259.37,260.04,254.5,258.73,252.33,1415000
24/8/2023,258.67,261.49,257.76,258.78,252.38,1795700
23/8/2023,258.76,261.52,257.27,260.45,254.01,1653700
22/8/2023,259.94,261.34,257.04,258.98,252.58,1473700
21/8/2023,261.82,263.39,258.9,259.94,253.51,1628600
18/8/2023,262.74,264.78,261.37,262.65,256.15,1972800
17/8/2023,265.15,266.88,263.5,264.91,258.36,2194700
16/8/2023,264.29,268.42,264.29,265.07,258.51,1475100
15/8/2023,266.73,267.16,264.92,265.55,258.98,1391100
14/8/2023,266.04,267.41,264.86,266.94,260.34,2207800
11/8/2023,265.43,266.53,264,265.77,259.2,1204500
10/8/2023,266.64,268.11,264.99,266.53,259.94,1039000
9/8/2023,267.52,268.3,264.97,265.48,258.91,1266300
8/8/2023,263.5,269.91,263.29,268.26,261.63,2050800
7/8/2023,263.75,266.76,262.24,264.36,257.82,1494900
4/8/2023,265,267.27,262.57,263,256.5,1593400
3/8/2023,264.61,266.19,262.37,263.52,257,1810800
2/8/2023,267,268.33,265.08,265.45,258.89,1227400
1/8/2023,269.28,270.58,265.64,268.16,261.53,1251900
31/7/2023,268.85,270.95,268.13,269.95,263.27,1055600
28/7/2023,267.25,269.88,266.19,268.85,262.2,1058500
27/7/2023,268.75,270.27,264.97,265.37,258.81,1945100
26/7/2023,260.97,269.32,260.92,268.13,261.5,2751300
25/7/2023,258.25,261.75,254.64,259.66,253.24,2363700
24/7/2023,255,260.82,254.44,258.77,252.37,2010400
21/7/2023,260.44,262.47,259.26,259.67,253.25,1785100
20/7/2023,259.25,264.52,259,263.54,257.02,2138600
19/7/2023,261.5,261.79,257.91,260.26,253.82,2655500
18/7/2023,262,265.6,259.99,261.97,255.49,2766700
17/7/2023,256.39,256.9,253.89,254.73,248.43,1494400
14/7/2023,258.19,259.73,256.16,257.45,251.08,1044400
13/7/2023,262.09,262.87,257.01,258.46,252.07,1747600
12/7/2023,259.93,262.63,259.41,261.61,255.14,2068300
11/7/2023,252,258.88,251.98,258.4,252.01,3039700
10/7/2023,250.46,252.53,249.32,251.69,245.47,1573000
7/7/2023,246.76,253.13,246.76,251.25,245.04,2423500
6/7/2023,246.65,249.33,246.65,247.67,241.55,1712900
5/7/2023,246.21,250.37,246.19,248.32,242.18,1613300
3/7/2023,247.11,248.37,246.18,247.55,241.43,1281600
30/6/2023,250,250.08,245.65,247.9,241.77,2604200
29/6/2023,248.7,249.99,248.15,249.98,243.8,2314400
28/6/2023,246,249.8,245.09,248.44,242.3,2980800
27/6/2023,236.09,246.89,236.01,246.76,240.66,4162000
26/6/2023,232.87,237.05,232.59,234.93,229.12,2205800
23/6/2023,230.65,233.79,230.15,232.34,226.59,3028000
22/6/2023,225.01,234.79,224.4,232.93,227.17,3592100
21/6/2023,223.8,232.36,223.24,225.84,220.26,7126000
20/6/2023,234.59,234.74,229.96,231.65,225.92,5215800
16/6/2023,237.35,238,233.36,233.46,227.69,3288900
15/6/2023,229.77,236.88,229.77,236.44,230.59,2321600
14/6/2023,229.76,232.46,228.07,229.67,223.99,2091200
13/6/2023,224.2,228.99,222.01,228.87,223.21,2341800
12/6/2023,224.43,225.09,222.71,224.55,219,1437000
9/6/2023,224.44,224.47,221.2,223.76,218.23,1654200
8/6/2023,225.07,226.4,222.11,225.01,218.22,1631500
7/6/2023,220.45,224.82,220.02,224.6,217.82,2141500
6/6/2023,220,220.69,218.55,219.5,212.87,1474700
5/6/2023,221.96,223.21,220.35,221.08,214.41,1187900
2/6/2023,218.53,222.66,218.32,221.74,215.05,1541200
1/6/2023,217.51,217.96,213.81,217.29,210.73,2170600
31/5/2023,223.71,223.91,217.82,217.98,211.4,3001600
30/5/2023,225.57,227.38,223.6,226.14,219.31,2073700
26/5/2023,225.78,226.85,223.9,224.15,217.38,1217900
25/5/2023,224.6,226.35,223.87,225.08,218.28,1015400
24/5/2023,225,225.92,222.53,223.55,216.8,1031900
23/5/2023,227.26,229.53,225.8,226.64,219.8,898000
22/5/2023,229.02,230.44,227.41,228.68,221.78,1024400
19/5/2023,231.26,231.51,227.91,229.08,222.16,1583100
18/5/2023,229.1,234.15,228.39,230.43,223.47,2560600
17/5/2023,221.48,226.03,221.13,225.89,219.07,2702400
16/5/2023,221.36,223.36,219.33,221.27,214.59,1529700
15/5/2023,221.78,223.46,221.19,222.42,215.7,1863900
12/5/2023,225.24,225.98,220.26,222.93,216.2,1641200
11/5/2023,226.51,226.51,223.38,224.84,218.05,1286100
10/5/2023,229.67,230.2,223.92,226.33,219.5,1480800
9/5/2023,229.79,231.08,228.36,228.63,221.73,969500
8/5/2023,229.05,231.65,229.05,230.73,223.76,1058100
5/5/2023,227.14,230.97,226.57,229.3,222.38,1157900
4/5/2023,228.12,228.83,225.01,226.37,219.54,955100
3/5/2023,228.06,231.69,227.01,228.52,221.62,1356500
2/5/2023,229.17,229.98,226.53,228.4,221.5,1102100
1/5/2023,228.45,231.19,228.32,230.58,223.62,1122100
28/4/2023,223.62,228.61,223.62,227.78,220.9,1608300
27/4/2023,224.14,226.34,223.01,225.94,219.12,1535200
26/4/2023,224.44,226.39,221.7,222.77,216.04,1813500
25/4/2023,228.1,229.95,224.35,225.47,218.66,2201400
24/4/2023,231,232.64,229.92,232.16,225.15,1374300
21/4/2023,229.78,232.5,228.73,230.44,223.48,2180100
20/4/2023,228.75,231.45,228.13,229.38,222.45,1314900
19/4/2023,227.38,229.56,227.18,229.49,222.56,1340900
18/4/2023,230.27,231.78,228.35,229.21,222.29,1282700
17/4/2023,230.75,231.56,228.75,229.31,222.39,1535400
14/4/2023,231.11,232.61,229.39,230.69,223.73,1525700
13/4/2023,230,231.68,227.73,231.07,224.09,1797900
12/4/2023,231.76,232.33,229.3,229.47,222.54,2507500
11/4/2023,231.66,233.1,231.04,231.53,224.54,1971600
10/4/2023,229.36,233.38,228.61,231.6,224.61,1880900
6/4/2023,231.01,235.81,230.97,232.1,225.09,3675700
5/4/2023,232.1,235.67,227.8,229.93,222.99,6601300
4/4/2023,228.55,229.44,223.43,226.49,219.65,1753500
3/4/2023,227.32,228.87,226.47,228.84,221.93,1980900
31/3/2023,224.99,228.86,224.82,228.49,221.59,1654500
30/3/2023,224.74,225.65,222.91,224.4,217.63,1647100
29/3/2023,221.77,223.84,221.77,223.65,216.9,1674900
28/3/2023,219.88,222.9,219.6,220.44,213.78,1357900
27/3/2023,217.32,221.36,217.15,219.82,213.18,1869900
24/3/2023,216.88,218.21,214.67,217.6,211.03,1772600
23/3/2023,217.89,222.64,216.05,216.92,210.37,2583700
22/3/2023,220.42,223.6,217.05,217.06,210.51,2191000
21/3/2023,218.22,222.08,218.07,219.83,213.19,2006800
20/3/2023,219.99,221.28,215.48,216.24,209.71,3336400
17/3/2023,226.05,226.05,218.52,220.31,213.66,12660500
16/3/2023,196.29,205.1,195.34,204.05,197.89,5068500
15/3/2023,194,195.32,190.83,195.3,189.4,2674300
14/3/2023,200,201.94,195.54,197.89,191.92,2582700
13/3/2023,196.97,199.37,194.05,197.39,191.43,2267900
10/3/2023,207.19,207.19,198.5,201.19,195.12,2537900
9/3/2023,211.08,213.31,207.3,207.83,200.44,1954600
8/3/2023,205.9,209.97,205.39,209.54,202.09,1073900
7/3/2023,209.72,209.72,206.16,206.32,198.98,1526900
6/3/2023,209.6,211.89,209.35,210.13,202.66,2148000
3/3/2023,208.46,210.1,207.13,209.08,201.65,1612300
2/3/2023,203.32,207.62,202.58,206.93,199.57,1092500
1/3/2023,203.25,206.57,202.58,204.33,197.06,1179800
28/2/2023,204.04,206.74,203.08,203.22,195.99,1464100
27/2/2023,206.04,208.1,203.75,204.06,196.8,1324200
24/2/2023,203.24,204.14,200.64,203.28,196.05,1387600
23/2/2023,204.82,205.57,202.56,205.18,197.88,1345000
22/2/2023,205.65,207.18,199.59,202.83,195.62,2388900
21/2/2023,206.68,207.99,203.1,205.65,198.34,1715900
17/2/2023,210.38,211.85,209.24,210.3,202.82,993300
16/2/2023,209.52,212.76,209,211.67,204.14,1278500
15/2/2023,211.39,213.13,210,213.04,205.46,953100
14/2/2023,210.34,213.02,208.6,212.67,205.11,1101900
13/2/2023,207.61,211.91,207.25,211.66,204.13,1159500
10/2/2023,206.39,210.33,206.11,209.37,201.93,1286700
9/2/2023,210.1,211,207.87,208.62,201.2,1245400
8/2/2023,209.24,210.96,208.25,209.48,202.03,1425900
7/2/2023,209.71,210.64,205.94,209.91,202.45,1822300
6/2/2023,213,214.47,209.19,210.59,203.1,1890000
3/2/2023,212.24,215.94,211.42,214.67,207.04,2255100
2/2/2023,209.28,217.39,209.28,214.5,206.87,3836500
1/2/2023,193.1,204.06,192.56,202.11,194.92,5262100
31/1/2023,184.5,193.95,184.39,193.86,186.97,2423200
30/1/2023,188.05,188.55,183.59,184.08,177.53,2091600
27/1/2023,189.79,193.17,189.61,190.56,183.78,1435900
26/1/2023,188.9,190.31,186.8,190.14,183.38,1045800
25/1/2023,186.71,188.32,185.85,187.81,181.13,1020400
24/1/2023,188.98,192.15,188.78,189.25,182.52,1238900
23/1/2023,187.2,192.29,186.31,191.15,184.35,1642200
20/1/2023,185.18,186.98,184.22,186.88,180.24,1595900
19/1/2023,185.94,186.86,183.64,184.23,177.68,1321200
18/1/2023,188.22,191.71,187.52,187.67,181,1337800
17/1/2023,187.96,188.5,186.05,188.13,181.44,1853500
13/1/2023,190.45,191,188.21,188.63,181.92,1343800
12/1/2023,192.13,193.14,190.45,191.89,185.07,1560600
11/1/2023,189.99,193.91,189.99,192.2,185.37,1913000
10/1/2023,188.64,189.92,186.5,188.74,182.03,1694400
9/1/2023,185.78,192.14,185.69,189.74,182.99,2894300
6/1/2023,182.37,186.46,180.88,185.77,179.16,2039400
5/1/2023,179.65,181.88,178.34,181.28,174.83,2441600
4/1/2023,179,183.05,178.97,181.45,175,2286000
3/1/2023,174.97,177.59,174.53,177.27,170.97,2193900
30/12/2022,173.93,175.16,171.55,173.2,167.04,1558300
29/12/2022,173.84,176.87,173.61,175.55,169.31,1362900
28/12/2022,177.14,177.61,173.02,173.05,166.9,1705200
27/12/2022,175.72,177.99,175.1,177.05,170.75,1936600
23/12/2022,175.71,179.06,175.51,175.93,169.67,3035900
22/12/2022,168.05,175.77,167.63,175.69,169.44,5122100
21/12/2022,174.54,174.78,168.16,169.99,163.95,7904800
20/12/2022,167.92,168.51,162.61,164.35,158.51,5451400
19/12/2022,170.29,171.71,167.03,168.78,162.78,2783800
16/12/2022,172.41,173.69,169.59,171.72,165.61,3383700
15/12/2022,175.12,176.3,171.77,173.17,167.01,1802600
14/12/2022,176.37,180.93,175.81,178.07,171.74,1611700
13/12/2022,183.69,184.39,175.59,176.88,170.59,2754300
12/12/2022,172.08,178.23,172.08,177.37,171.06,2461600
9/12/2022,17015,17483,17015,17233,16620,1475000
8/12/2022,171.29,174.66,170.51,171.91,164.69,2229500
7/12/2022,172.27,174.29,171.69,172.28,165.04,1500200
6/12/2022,176.44,176.57,171.09,173.05,165.78,2064100
5/12/2022,179.55,179.92,176.31,176.6,169.18,1560700
2/12/2022,178.16,182.46,177.08,181.41,173.79,2060300
1/12/2022,182,183.55,179.87,180.45,172.87,1562500
30/11/2022,177.02,183.06,176.75,182.22,174.57,5014500
29/11/2022,174.74,178.45,174.32,177.82,170.35,1662900
28/11/2022,175.75,176.24,171.89,173.21,165.93,2656900
25/11/2022,177.25,177.77,176.01,176.7,169.28,445300
23/11/2022,175.81,176.89,175.27,176.36,168.95,1758000
22/11/2022,174.91,176.86,174.55,175.67,168.29,1457300
21/11/2022,173.93,175.16,172.87,173.64,166.35,1385200
18/11/2022,174,175.14,172.11,174.72,167.38,1845900
17/11/2022,169,171.64,167.2,171.54,164.33,1641100
16/11/2022,174,175.62,169.56,170.77,163.6,2388400
15/11/2022,176.61,179.51,173.65,176.26,168.86,5216900
14/11/2022,174.52,178.89,174.52,174.76,167.42,2999100
11/11/2022,166.89,176.9,166.24,175.61,168.23,4436500
10/11/2022,162.7,167.54,162.7,166,159.03,3783100
9/11/2022,158,161.13,157.62,158.04,151.4,2257200
8/11/2022,160,163.29,157.33,159.54,152.84,3602700
7/11/2022,157.9,159.68,157.04,159.24,152.55,1711900
4/11/2022,157.22,158.9,154.1,156.66,150.08,1473800
3/11/2022,153,156.2,151.34,154.92,148.41,6053200
2/11/2022,156.78,160.2,154.32,154.56,148.07,2281900
1/11/2022,161.95,162.55,156.71,158.19,151.54,2199500
31/10/2022,159.02,162.23,158.62,160.28,153.55,1911000
28/10/2022,157.54,160.53,155.77,160.37,153.63,2568600
27/10/2022,158.94,160.3,156.63,156.91,150.32,1646700
26/10/2022,156.38,159.17,155.58,157.96,151.32,3733800
25/10/2022,155.89,157.33,154.85,155.8,149.25,3077700
24/10/2022,152.19,156.49,151.43,154.76,148.26,2857600
21/10/2022,150.19,153.86,149.64,153.23,146.79,6074900
20/10/2022,152.95,155.4,149.87,150.14,143.83,3652100
19/10/2022,155.72,156.7,151.56,152.96,146.53,3433700
18/10/2022,160.69,161.42,155.06,156.3,149.73,3136200
17/10/2022,158.28,159.87,155.4,156.98,150.39,3187000
14/10/2022,156.88,158.41,154.91,156.96,150.37,2269800
13/10/2022,150.44,158.04,148.93,156.25,149.69,2993400
12/10/2022,152.07,155.04,151.65,152.89,146.47,2468100
11/10/2022,151.53,154.59,151.08,152.08,145.69,6045600
10/10/2022,155.89,156.45,152.15,153.21,146.77,5310500
7/10/2022,152.51,154.6,148.96,154.41,147.92,7783500
6/10/2022,156.4,158,154.82,155.19,148.67,4254600
5/10/2022,155.24,158.94,154.54,156.87,150.28,7169300
4/10/2022,155.19,159.61,154.45,159.12,152.44,10089400
3/10/2022,150.12,152.66,147.98,151.46,145.1,2701200
30/9/2022,150.95,153.37,148.34,148.47,142.23,3642600
29/9/2022,147.9,152.61,147.18,152.31,145.91,5199200
28/9/2022,145.72,151.11,144.74,149.99,143.69,4959200
27/9/2022,143.5,145.59,141.92,144.95,138.86,4466400
26/9/2022,148.47,150.84,142.4,142.9,136.9,5698200
23/9/2022,149.77,152.94,146.65,149.33,143.06,7195500
22/9/2022,152.62,160.66,150.34,154.54,148.05,10265500
21/9/2022,157.17,159.14,153.25,153.25,146.81,5491600
20/9/2022,161.17,161.19,157.05,157.4,150.79,5372100
19/9/2022,160,165.35,159.5,162.9,156.06,9425000
16/9/2022,159.31,161.84,155,161.02,154.26,34201900
15/9/2022,204.6,206.16,203.22,204.87,196.26,3080200
14/9/2022,204.71,205.46,200.91,205.01,196.4,1510700
13/9/2022,208.89,210.27,204.1,205.34,196.71,1589800
12/9/2022,210.26,215.83,210.26,213.84,204.86,2278900
9/9/2022,204.8,209.57,204.54,209.07,200.29,1739400
8/9/2022,200.68,203.01,197.56,202.87,194.35,2474700
7/9/2022,201.4,202.37,196.89,201.62,193.15,3098800
6/9/2022,204.99,206.9,202.33,204.17,195.59,2359200
2/9/2022,214.2,214.41,207.23,208.72,199.95,1422700
1/9/2022,209.45,212.1,206.97,211.86,202.96,1582400
31/8/2022,214.43,214.99,210.42,210.81,200.85,1718200
30/8/2022,218.34,218.99,212.61,213.48,203.4,1420400
29/8/2022,216.2,218.44,214.74,216.73,206.49,1213000
26/8/2022,228.38,229.4,218.02,218.16,207.86,1547900
25/8/2022,226.82,228.97,225.01,228.03,217.26,1163900
24/8/2022,224.88,227.41,222.9,226.06,215.38,1104200
23/8/2022,223.34,226.34,222.95,225.26,214.62,1021200
22/8/2022,227.38,227.9,222.9,223.57,213.01,1867300
19/8/2022,234.17,234.54,230.24,231.73,220.78,1259200
18/8/2022,233.24,235.4,232,234.87,223.78,993900
17/8/2022,235.42,236.81,232.84,233.42,222.39,1190600
16/8/2022,233.14,240.9,232.66,238.22,226.97,2189400
15/8/2022,229.04,234.18,228.95,233.21,222.19,1575900
12/8/2022,230.07,230.74,227.86,230.68,219.78,1680700
11/8/2022,233.49,234,228.5,229.24,218.41,2041600
10/8/2022,229.82,234.55,229.01,232.45,221.47,2185900
9/8/2022,227.92,227.92,222.86,224.97,214.34,1934200
8/8/2022,236,236.16,228.54,229.02,218.2,1860200
5/8/2022,234.66,238.87,233.5,234.89,223.79,1507300
4/8/2022,233.79,236.31,233.35,236.1,224.95,1082900
3/8/2022,234.85,236.09,231.73,233.19,222.18,1039700
2/8/2022,235.88,236.64,231.53,233.27,222.25,1428500
1/8/2022,232.06,239.74,232,237.7,226.47,1905900
29/7/2022,229.12,233.98,225.87,233.09,222.08,2013700
28/7/2022,228.01,230.32,227.3,229.81,218.95,1396200
27/7/2022,225.61,228.84,221.67,227.63,216.88,1221800
26/7/2022,223,226.65,221.11,224.87,214.25,1559900
25/7/2022,229.48,230.58,226.82,228.17,217.39,974800
22/7/2022,228.8,230.31,225.39,227.3,216.56,1445800
21/7/2022,226.45,228.39,225.71,227.66,216.91,1006500
20/7/2022,225.92,228.55,224.24,227.66,216.91,1351500
19/7/2022,219.58,226.13,218.83,225.43,214.78,1378600
18/7/2022,219.11,221.75,217.1,217.98,207.68,1513700
15/7/2022,217.27,218.72,215.01,217.83,207.54,1260600
14/7/2022,211.81,214.46,210.41,214.29,204.17,1533600
13/7/2022,220.66,220.92,214.88,216.13,205.92,1992500
12/7/2022,223.33,227.52,221.8,222.98,212.45,2058700
11/7/2022,228.65,231.25,223.84,224.19,213.6,1717700
8/7/2022,232.21,232.93,228,230.49,219.6,1092600
7/7/2022,230.19,231.86,225.74,231.35,220.42,1626000
6/7/2022,227.94,230.17,225.01,227.72,216.96,1674200
5/7/2022,220.6,230.97,218.72,229.61,218.76,2862700
1/7/2022,222.59,224.59,217.71,223.61,213.05,2591700
30/6/2022,229.64,230.91,222.98,226.71,216,3676800
29/6/2022,241,242,226.7,233.81,222.77,3736800
28/6/2022,244,248.15,239.62,240.09,228.75,2587800
27/6/2022,246.94,247.93,240.2,240.47,229.11,2536800
24/6/2022,237.02,248.76,236.34,243.24,231.75,8395200
23/6/2022,229.5,230.25,224.36,228.13,216.26,4305100
22/6/2022,227.15,231.75,227.14,229.02,217.1,2033600
21/6/2022,234.15,236.5,228.86,230.52,218.52,2342200
17/6/2022,224.1,231.43,222.86,229.9,217.94,5287600
16/6/2022,226.36,227.42,223.41,225.31,213.59,3063700
15/6/2022,230.75,239.21,229.35,232.78,220.67,5035800
14/6/2022,220.4,232.29,219.58,229.95,217.98,13008700
13/6/2022,201.5,205.05,198.42,200.98,190.52,1983000
10/6/2022,214.14,215.12,206.63,206.77,196.01,2263300
9/6/2022,217.2,221.36,215.4,217,205.71,1846500
8/6/2022,217.88,220.53,215.73,217.17,205.87,1556300
7/6/2022,218.93,221.97,216.59,221.37,209.85,1115100
6/6/2022,221,225.15,219.95,222.85,211.25,1562900
3/6/2022,219.89,221.27,217.74,218.7,207.32,1379600
2/6/2022,218.59,224.41,218.25,221.52,209.99,1642100
1/6/2022,225,226.33,216.26,218.67,207.29,1987300
31/5/2022,217.78,225.91,215.17,224.58,212.89,3063800
27/5/2022,212.89,220.1,212.89,219.67,208.24,2146600
26/5/2022,207.26,213.6,206.81,212.29,201.24,1764200
25/5/2022,202.73,205.45,198.82,204.31,193.68,2197300
24/5/2022,202.65,206,197.28,205.25,194.57,1929700
23/5/2022,202.19,206.97,200.64,204.69,194.04,1696200
20/5/2022,201.96,201.96,195.43,200.9,190.45,2253900
19/5/2022,201.09,203.17,195.54,199.05,188.69,2598700
18/5/2022,217.22,218.55,202.61,203.57,192.98,3721100
17/5/2022,214.47,222.52,213.93,221.5,209.97,2927500
16/5/2022,210.47,211.94,208.35,209.72,198.81,1301600
13/5/2022,208.69,215.06,208.62,211.29,200.29,2077100
12/5/2022,205.32,208.34,202.31,208.2,197.37,2345500
11/5/2022,207.71,212.17,206.43,207.2,196.42,2807900
10/5/2022,210.28,211.55,202.9,208.06,197.23,2278600
9/5/2022,207.32,212.58,205.68,208.27,197.43,2320600
6/5/2022,206.42,212.44,203.25,210.21,199.27,2357600
5/5/2022,207,210.55,204.93,207.24,196.46,2646500
4/5/2022,200.6,210.03,199.13,209.49,198.59,2454400
3/5/2022,197.26,200.6,195.6,199.44,189.06,1957800
2/5/2022,198.94,200.48,192.82,197.01,186.76,2225600
29/4/2022,205.34,208.87,198,198.74,188.4,2338600
28/4/2022,201.82,207.07,200.59,206.85,196.09,2261400
27/4/2022,198.22,201.56,196.15,199.26,188.89,1613700
26/4/2022,204.47,205.29,198.23,200,189.59,1927500
25/4/2022,204.05,205.8,197.7,205.4,194.71,2162600
22/4/2022,205.62,207.91,204.26,205.21,194.53,2114800
21/4/2022,209.98,210.75,205.5,206.86,196.1,2099500
20/4/2022,210.54,214.07,209.08,209.19,198.3,1824900
19/4/2022,204.55,210.09,204.27,208.81,197.94,1761400
18/4/2022,205.52,206.98,201.97,203.26,192.68,1510100
14/4/2022,207.05,208.5,204.95,205.74,195.03,1922300
13/4/2022,204.4,207.55,203.09,206.31,195.57,1365500
12/4/2022,204.13,207.17,202.33,204.38,193.74,2031800
11/4/2022,199.61,207.65,199.61,204.12,193.5,2081000
8/4/2022,202.09,203.68,199.59,201.52,191.03,2321200
7/4/2022,203.72,205.04,199.21,203.77,193.17,3223300
6/4/2022,209.5,209.5,203.55,204,193.38,3492800
5/4/2022,215.33,218.84,210.67,211.03,200.05,3124100
4/4/2022,218.39,220.86,216.74,217.99,206.65,3479800
1/4/2022,231.39,231.68,221,221.25,209.74,3435700
31/3/2022,233.32,235.83,231.28,231.39,219.35,1778600
30/3/2022,237.25,238.19,234.15,235.25,223.01,2111300
29/3/2022,236.75,241.57,236.05,238.57,226.16,4055800
28/3/2022,226.84,230.16,225.62,230.05,218.08,1728100
25/3/2022,225.99,227.05,223.96,226.56,214.77,1452900
24/3/2022,222.68,225.45,220.61,225.12,213.41,2006600
23/3/2022,224.74,226.07,221.06,221.47,209.95,1733600
22/3/2022,223.09,228.7,222.49,226.57,214.78,2627700
21/3/2022,217.72,223.2,217.47,222.16,210.6,3434400
18/3/2022,220,220.19,212.93,218.91,207.52,9268400
17/3/2022,221.73,229.42,220.39,227.98,216.12,5701400
16/3/2022,218.92,226.02,218.75,225.93,214.17,3088000
15/3/2022,214.79,217.58,211.93,216.23,204.98,1858400
14/3/2022,212.51,214.92,208.81,211.13,200.14,2180700
11/3/2022,220,220.41,212.73,213.18,202.09,2346300
10/3/2022,212.8,219.72,212.35,219.28,207.87,2535300
9/3/2022,209,218.41,209,216.72,205.44,3192400
8/3/2022,202.58,209.37,199.03,203.99,193.37,2928200
7/3/2022,212,213.37,200.64,201.09,190.63,3471100
4/3/2022,218,219,212.3,214.54,203.38,2457300
3/3/2022,222.63,224.95,220.2,221.31,209.08,2467700
2/3/2022,216.44,222.58,214.3,219.25,207.14,2270600
1/3/2022,221.04,221.95,212.64,214.91,203.04,2081800
28/2/2022,217.18,222.64,215.71,222.27,209.99,2477700
25/2/2022,216.54,222.64,216.16,220.72,208.53,1963900
24/2/2022,208,216.57,206.31,215.92,203.99,3002400
23/2/2022,218.68,220.04,214.75,214.84,202.97,2253300
22/2/2022,220.15,221.65,216.33,217.79,205.76,2521400
18/2/2022,223.63,225.07,220.81,222.23,209.95,1658500
17/2/2022,227.43,227.86,224.1,224.37,211.97,1415900
16/2/2022,229,230.39,224.42,229.01,216.36,2443600
15/2/2022,231.72,234.17,230.01,230.4,217.67,2617000
14/2/2022,231.33,232.22,226.97,228.46,215.84,2510300
11/2/2022,240.05,240.5,231.23,232.21,219.38,4681000
10/2/2022,242.38,243.82,239.54,240.41,227.13,2614000
9/2/2022,245.79,248.6,243.61,244.24,230.75,1729200
8/2/2022,244.74,246.32,243,243.86,230.39,1983100
7/2/2022,244.9,245.54,242.62,243.73,230.26,1622600
4/2/2022,246.24,247.07,242.04,244.11,230.62,2142000
3/2/2022,249.88,251.38,247.06,247.32,233.66,1803300
2/2/2022,253.44,253.5,248.85,251.82,237.91,1746900
1/2/2022,254.78,256.49,251.3,252,238.08,4598800
31/1/2022,244.03,246.16,241,245.86,232.28,3395900
28/1/2022,241.14,244.91,239.13,244.78,231.26,2287600
27/1/2022,245.25,247.64,239.68,241.93,228.56,1865700
26/1/2022,245.81,248.25,241.22,243.16,229.73,2010800
25/1/2022,241.74,246.74,239.01,244.04,230.56,2032200
24/1/2022,239.56,245.95,236.85,245.72,232.14,3051500
21/1/2022,249.63,249.99,243.94,244.91,231.38,3063600
20/1/2022,253.72,256,250.64,250.74,236.89,1671600
19/1/2022,253.33,255.81,252.18,252.19,238.26,1302800
18/1/2022,252.66,254.24,250.25,253.33,239.33,1918700
14/1/2022,254.59,256.66,253.26,256.22,242.06,1393600
13/1/2022,257.21,260.11,256.3,257.67,243.43,1658500
12/1/2022,256.08,259.01,254.78,256.21,242.05,1413500
11/1/2022,256.55,257.39,252.14,255.54,241.42,2018300
10/1/2022,262.62,262.62,252.51,256.55,242.38,4553800
7/1/2022,262.69,266.61,262.04,263.99,249.4,1646000
6/1/2022,261.99,265.01,260.13,263.19,248.65,1857800
5/1/2022,265,266.79,261.86,262.13,247.65,2437600
4/1/2022,259.65,265.94,259.31,264.91,250.27,2586600
3/1/2022,259.8,261.69,256.96,258.55,244.26,1752400
31/12/2021,257.57,260.24,256.93,258.64,244.35,1272300
30/12/2021,257.89,260.21,257.5,258.56,244.27,1785300
29/12/2021,256.48,258.51,256.24,257.49,243.26,1467400
28/12/2021,256.02,258.36,255.48,256.44,242.27,1342400
27/12/2021,254.99,257.2,254.35,256.25,242.09,1478600
23/12/2021,250.87,256.23,250.65,253.82,239.8,2099300
22/12/2021,252.35,252.74,249.3,249.96,236.15,2324300
21/12/2021,248.28,252.76,247.82,251.95,238.03,2528100
20/12/2021,250.3,252.88,245.45,245.55,231.98,2759100
17/12/2021,253.74,260.5,248.06,250.32,236.49,10117300
16/12/2021,242.57,244.75,238.42,238.52,225.34,4465900
15/12/2021,240.04,242.24,239.01,240.78,227.48,1699800
14/12/2021,240,244.88,239.36,240.04,226.78,1687800
13/12/2021,244.72,245.48,240.5,240.9,227.59,1690800
10/12/2021,245.79,248.3,244.5,246.28,232.67,1275300
9/12/2021,243.5,247.37,243.1,245.25,230.99,1279000
8/12/2021,247.55,247.55,243.78,244.75,230.52,1295500
7/12/2021,247.13,248.99,246.2,247.06,232.7,1694800
6/12/2021,243,246.98,242.22,245.05,230.8,1829500
3/12/2021,236.63,241.36,236.38,240.84,226.84,2438300
2/12/2021,227.79,237.23,227.4,235.3,221.62,2143100
1/12/2021,235,238.19,227.61,227.78,214.54,2337300
30/11/2021,238.2,239.01,229.91,230.37,216.98,3366000
29/11/2021,240,241.59,237.08,240.57,226.58,1695300
26/11/2021,237.31,239.41,235.51,238.15,224.3,1775800
24/11/2021,245,246.89,243.56,243.57,229.41,1646000
23/11/2021,247,247.7,244.38,246.43,232.1,1422600
22/11/2021,242.69,251.1,242.04,247.99,233.57,2185700
19/11/2021,244.98,246.2,242.54,242.69,228.58,2029900
18/11/2021,247.94,248.98,241.24,244.72,230.49,2335700
17/11/2021,252.61,253.32,247.17,247.35,232.97,2104900
16/11/2021,252,255.3,251.68,253.18,238.46,1608900
15/11/2021,254.5,255.25,250.25,252.3,237.63,1993200
12/11/2021,251.94,254.88,250.96,253.88,239.12,2115500
11/11/2021,249.42,253.2,248.73,250.99,236.4,2050400
10/11/2021,247.71,250.7,246.59,248.52,234.07,1859900
9/11/2021,250,250.49,246.1,249.48,234.98,1832100
8/11/2021,244.82,249.64,244.62,248.53,234.08,2612200
5/11/2021,246.56,246.78,241.44,242.77,228.66,1984600
4/11/2021,241.74,245.55,240.67,245.01,230.77,2889600
3/11/2021,235.42,240.48,234.62,240.02,226.07,2029600
2/11/2021,236.47,237.38,235,235.77,222.06,1489400
1/11/2021,237.28,237.41,234.69,235.64,221.94,1431700
29/10/2021,233.92,238.37,233.55,235.53,221.84,1999900
28/10/2021,235.56,236.14,233.15,235.96,222.24,1718700
27/10/2021,238.5,240,235.08,235.29,221.61,2677000
26/10/2021,238.99,241.29,236.9,237.83,224,3065400
25/10/2021,233.34,236.28,232.5,235.4,221.71,2545800
22/10/2021,232.87,234.7,232.36,232.98,219.43,2577400
21/10/2021,231.3,233.36,230.63,232.84,219.3,3833400
20/10/2021,230.33,231.96,229.16,231.3,217.85,2516900
19/10/2021,229.15,230.39,227.68,229.32,215.99,2088100
18/10/2021,228.02,229.75,226.68,227.98,214.73,2676800
15/10/2021,228.35,229.5,227.33,229.12,215.8,4177900
14/10/2021,226.4,228.57,225.77,227.45,214.23,2841400
13/10/2021,222.02,225.43,219.51,223.73,210.72,4595300
12/10/2021,219.82,222.08,219.68,221.32,208.45,2541500
11/10/2021,224.03,224.58,219.36,219.82,207.04,2884700
8/10/2021,222.4,223.94,221.42,223.44,210.45,2365000
7/10/2021,227,227.66,222.48,222.95,209.99,3954100
6/10/2021,222.08,224.94,219.83,224.2,211.17,3652900
5/10/2021,217.5,226.46,216.34,224.27,211.23,5326900
4/10/2021,221.24,224,217.26,217.87,205.2,3924100
1/10/2021,220.01,224.1,218.18,222.53,209.59,4033100
30/9/2021,221.59,223.17,219.03,219.29,206.54,3858600
29/9/2021,223,224.24,220.8,221.09,208.24,3737200
28/9/2021,225.82,228.05,221.76,222.4,209.47,4717700
27/9/2021,226,229.25,225.68,226.51,213.34,4335500
24/9/2021,228,229,226.6,226.64,213.46,4973400
23/9/2021,229.07,231.29,228.08,228.92,215.61,7092700
22/9/2021,234.18,234.98,228.98,229.08,215.76,17792400
21/9/2021,253,253.88,248.78,252.07,237.41,4481100
20/9/2021,252.11,253.98,248.16,250.8,236.22,3474500
17/9/2021,255.4,257.71,254.09,255.22,240.38,3082400
16/9/2021,257.97,259.41,256.04,258.38,243.36,1711900
15/9/2021,256.31,259.65,254.88,256.59,241.67,2285900
14/9/2021,262.21,262.96,254.71,255.2,240.36,2583500
13/9/2021,259.46,261.9,257.75,261.86,246.64,1848000
10/9/2021,261.54,262.22,257.24,257.55,242.58,1717500
9/9/2021,259.13,262.73,257.29,259.22,244.15,2132800
8/9/2021,263.25,263.29,258.84,261.02,245.84,1963200
7/9/2021,266.31,267.37,262.96,263.64,248.31,1634500
3/9/2021,266.55,268.58,264.89,266.04,250.57,1524800
2/9/2021,266.31,268.98,266.25,267.09,251.56,1311300
1/9/2021,266.09,267.44,263.54,265.93,249.76,1760600
31/8/2021,266.06,266.93,264.68,265.69,249.54,1637600
30/8/2021,268.75,268.85,265.44,265.54,249.4,1761600
27/8/2021,267.45,269.25,266.91,267.9,251.61,1551700
26/8/2021,269.94,269.94,266.79,267.46,251.2,1312100
25/8/2021,268,271.85,267.31,270.37,253.93,2116200
24/8/2021,266.78,269.08,266.3,267.81,251.53,2111700
23/8/2021,268,269.14,266.67,266.9,250.67,2041400
20/8/2021,266.4,268.5,264.07,266.55,250.34,2404600
19/8/2021,270,270.73,265.04,267.56,251.29,3101100
18/8/2021,276.06,277.63,272.42,272.76,256.18,2136600
17/8/2021,279.21,280.5,274.79,277.86,260.97,2939900
16/8/2021,276.8,282.88,275.16,281.66,264.54,2757900
13/8/2021,275.23,278.75,274.76,277.18,260.33,1946200
12/8/2021,276.5,278.61,273.69,276.1,259.31,1211200
11/8/2021,272.42,277.16,271.26,276.27,259.47,2017800
10/8/2021,272.5,274.37,270.96,271.26,254.77,2144700
9/8/2021,275.05,275.98,272.56,272.67,256.09,1847600
6/8/2021,276.67,278.45,275.03,276.27,259.47,1701800
5/8/2021,275.9,277.78,274.67,275.8,259.03,2089700
4/8/2021,279.33,280.29,275.08,275.12,258.39,1978800
3/8/2021,276.28,281.71,274.25,280.81,263.74,2151100
2/8/2021,280.79,282.61,275.39,276.16,259.37,2490400
30/7/2021,280,282,277.79,279.95,262.93,2337200
29/7/2021,281.83,284.65,281.19,281.92,264.78,1820800
28/7/2021,284.21,284.3,280.28,281.83,264.7,2732100
27/7/2021,287.5,288.38,279.12,282.63,265.45,4837200
26/7/2021,296.09,298.5,295.65,297.5,279.41,1205500
23/7/2021,297.8,298.66,296.09,297.07,279.01,1000600
22/7/2021,297.55,298.85,296.06,296.62,278.59,981800
21/7/2021,297.51,301.95,297.33,298.35,280.21,1339000
20/7/2021,295.41,299.04,294.45,298.02,279.9,1656400
19/7/2021,287.53,295.34,286.32,294.82,276.9,2853300
16/7/2021,296.7,297,292.09,292.49,274.71,1975800
15/7/2021,294,298.74,293.67,296.08,278.08,1166000
14/7/2021,298.65,300.86,294.6,295.86,277.87,1431800
13/7/2021,298.99,302.65,298.69,299.08,280.9,1747700
12/7/2021,297.28,302.24,294.6,299.67,281.45,1905400
9/7/2021,295.81,298.2,293.18,296.4,278.38,2317500
8/7/2021,287.16,294.62,285.85,293.24,275.41,1971400
7/7/2021,294,295.15,291.24,293.55,275.7,2293200
6/7/2021,299.38,299.63,292.6,294.61,276.7,2282500
2/7/2021,299.9,299.9,297.37,299.38,281.18,1335800
1/7/2021,299.95,300.1,296.82,299.12,280.93,1749500
30/6/2021,296.03,298.62,295,298.33,280.19,1810900
29/6/2021,296,299.5,294.85,297.89,279.78,3594500
28/6/2021,293,294.65,289.44,293.99,276.12,3537100
25/6/2021,292.74,294.75,286.52,291.95,274.2,11622000
24/6/2021,301.7,304.59,298.98,303.69,284.52,5016400
23/6/2021,300,300.65,296.16,297.37,278.6,2157400
22/6/2021,294.92,299.12,293.85,297.69,278.9,2250100
21/6/2021,287.96,295.03,287.8,293.16,274.66,1922000
18/6/2021,284.15,289.53,282.01,285.32,267.31,2553800
17/6/2021,294.49,294.74,285.59,287.57,269.42,2369400
16/6/2021,298.47,299.39,292.47,294.68,276.08,1686100
15/6/2021,294.99,299.88,293.9,299.3,280.41,1834000
14/6/2021,296.72,297.17,292.04,292.99,274.5,1275600
11/6/2021,293.26,296.17,293.26,296.09,277.4,1628900
10/6/2021,293.59,295.59,291.21,292.84,274.36,1811800
9/6/2021,302.58,302.62,290.46,293.11,274.61,4358600
8/6/2021,302.8,303.48,298.62,302.58,283.48,1499000
7/6/2021,303,304.21,299.21,303.34,284.19,1960400
4/6/2021,306.78,308,299.66,302.12,283.05,2111200
3/6/2021,305.39,307.78,302.18,306.31,286.98,1316300
2/6/2021,313,313,303.83,306.57,287.22,2088400
1/6/2021,318.27,318.54,310.08,310.85,291.23,1282400
28/5/2021,316,316.75,313.01,314.81,294.94,1022700
27/5/2021,312.51,319.9,311.86,315.59,295.67,2657300
26/5/2021,310.72,312.83,308.02,310.75,291.14,1695100
25/5/2021,313,313.38,307.71,308.59,289.11,1631800
24/5/2021,313.52,313.52,309.25,311.84,292.16,1807900
21/5/2021,310.43,315.29,309.39,309.6,290.06,1753600
20/5/2021,309.14,311.95,306.76,309.05,289.54,1278100
19/5/2021,304,308.43,299.91,307.93,288.49,1734700
18/5/2021,309.69,310.28,306.05,306.05,286.73,1046100
17/5/2021,310,311.56,306.68,309.26,289.74,940700
14/5/2021,305.23,310.5,305.23,309.43,289.9,1455200
13/5/2021,297.06,305.32,296.49,303.4,284.25,1444300
12/5/2021,302.18,304.76,294.79,296.01,277.33,1949200
11/5/2021,304.6,307.88,300.57,305.64,286.35,2170500
10/5/2021,314.68,317,309.27,309.27,289.75,1733600
7/5/2021,308,315.1,308,314.69,294.83,1826100
6/5/2021,305.29,311.96,303.48,310.96,291.33,2561400
5/5/2021,305.89,309.99,302.25,306.53,287.18,2530100
4/5/2021,302.7,305.2,299.32,304.28,285.08,2470500
3/5/2021,294.89,305.4,294.2,304.55,285.33,4580300
30/4/2021,293.52,295.6,289,290.31,271.99,1821900
29/4/2021,290,296.3,289.23,296.06,277.37,2472200
28/4/2021,286.65,289.15,285.42,287.39,269.25,1783900
27/4/2021,286.56,292.2,284.33,287.51,269.36,4961900
26/4/2021,279.31,279.87,274.2,275.76,258.36,1747000
23/4/2021,278.52,279.19,276.97,277.74,260.21,1312800
22/4/2021,277.33,281.07,276.38,276.54,259.09,1444800
21/4/2021,279.05,281.07,277.09,278.26,260.7,1861400
20/4/2021,28242,28380,27734,28034,26265,1425300
19/4/2021,286.06,286.67,282.09,283.25,265.37,1677000
16/4/2021,292.9,293,287.13,287.59,269.44,1413000
15/4/2021,288.83,292.4,286.67,291.2,272.82,1389800
14/4/2021,289.51,291.15,287.57,287.81,269.64,1099900
13/4/2021,294.73,294.76,289.11,290.89,272.53,1713700
12/4/2021,285.63,293.09,285.14,290.79,272.44,1773300
9/4/2021,282.9,287,281.78,286.58,268.49,2039400
8/4/2021,282.9,284.44,279.75,284.44,266.49,2276000
7/4/2021,281.49,282.44,276.69,279.11,261.49,1469200
6/4/2021,281.66,284.44,280.7,282.17,264.36,1407200
5/4/2021,286,286.61,280.57,281.57,263.8,1727200
1/4/2021,283.54,285,281.79,283.54,265.64,1443500
31/3/2021,286,287.88,282.83,284.04,266.11,2026000
30/3/2021,279.37,288.15,278.31,285.92,267.87,2724700
29/3/2021,278,281.95,276.64,279.22,261.6,1517200
26/3/2021,277.7,281.49,274.6,281.34,263.58,2066600
25/3/2021,266.2,275.02,263.94,274.18,256.88,2285400
24/3/2021,269,274.27,267.4,268.29,251.36,2122700
23/3/2021,271.41,276.95,265.55,266.81,249.97,2277100
22/3/2021,279.58,279.8,271.68,274.02,256.73,3276400
19/3/2021,279.05,282.93,275.29,279.58,261.93,12938800
18/3/2021,267.82,269.27,262.9,263.51,246.88,4536100
17/3/2021,259,266.18,257.09,265.84,249.06,1861400
16/3/2021,267,267.03,260.3,260.8,244.34,2131100
15/3/2021,271,272.85,263.79,266.88,250.04,3211500
12/3/2021,267.26,271.19,265.26,270.2,253.15,2137300
11/3/2021,263.54,270.16,262.31,268.49,251.54,3794400
10/3/2021,259.13,261.81,258.06,260.42,243.98,1600600
9/3/2021,253.19,262.11,252.25,257.92,241.64,2352000
8/3/2021,260,261.34,251.01,251.34,235.48,2242400
5/3/2021,252.19,258.21,245.55,257.29,241.05,1932900
4/3/2021,256.56,258.43,247.09,250.3,233.89,2371600
3/3/2021,258.98,262.7,255.46,258.77,241.81,1565000
2/3/2021,262.73,263.65,259.48,259.6,242.58,1400500
1/3/2021,258.71,265.3,258.3,262.09,244.91,2013500
26/2/2021,254.93,257.46,250.5,254.5,237.82,1738900
25/2/2021,260.07,262.97,253.28,254.22,237.56,1629400
24/2/2021,254.36,261.29,254.01,260.06,243.01,1690200
23/2/2021,253.5,255.23,245.38,254.63,237.94,1753600
22/2/2021,253.24,257.4,253.1,254.67,237.98,1822000
19/2/2021,258.03,259.38,253.78,254.64,237.95,1594800
18/2/2021,255.51,258.49,253,255.63,238.87,1681200
17/2/2021,259.87,260.48,255.41,259.09,242.11,1433600
16/2/2021,264,265.46,261.11,261.83,244.67,1747600
12/2/2021,255.09,263.13,254.01,263,245.76,2674000
11/2/2021,258,258.08,251.56,254.36,237.69,1741700
10/2/2021,261.72,261.84,256.25,257.46,240.58,1969600
9/2/2021,257.27,260.5,254,259.13,242.14,1758100
8/2/2021,256.76,259.38,255.57,257.45,240.57,2135400
5/2/2021,251,255.4,249,255.01,238.29,2816600
4/2/2021,241.38,248.18,240.87,248.12,231.86,2898900
3/2/2021,242.6,243.6,239.35,241.29,225.47,2160500
2/2/2021,246.39,246.59,240.83,242.5,226.6,2859600
1/2/2021,237.38,239.75,235.32,239.24,223.56,2731200
29/1/2021,242.96,243.38,234.79,235.34,219.91,3241300
28/1/2021,246.01,246.29,242.62,242.79,226.88,2179000
27/1/2021,245.61,246.4,240.61,242.83,226.91,2698500
26/1/2021,254.2,254.84,249.34,249.67,233.3,1836100
25/1/2021,252.45,254.78,248.29,253.48,236.86,2009700
22/1/2021,252,255.44,250.01,254.08,237.43,1690700
21/1/2021,253.77,257.28,252.37,253.94,237.29,1948800
20/1/2021,251.19,252.35,247.62,251.96,235.44,2157300
19/1/2021,253.93,256.4,248.9,249.52,233.16,2357600
15/1/2021,255.76,255.76,250.98,252.56,236.01,2805100
14/1/2021,254.26,258.34,253.4,256.27,239.47,2867100
13/1/2021,250.5,253.87,248.2,252.22,235.69,3012800
12/1/2021,246.08,249.62,243,249.04,232.72,4376400
11/1/2021,243,246.46,242.72,245.31,229.23,3413200
8/1/2021,246.52,247.36,242.42,244.96,228.9,4583900
7/1/2021,254.09,256.21,245.45,246.03,229.9,5657300
6/1/2021,250.46,258.98,250.38,253.56,236.94,3605300
5/1/2021,251.5,254.77,250.05,253.18,236.58,3271100
4/1/2021,260.4,260.5,250.9,253.19,236.59,3797100
31/12/2020,259.6,260.46,257.51,259.62,242.6,2607800
30/12/2020,262.2,262.68,258.36,259.98,242.94,2694100
29/12/2020,263.95,265.45,259.67,261.56,244.42,2676600
28/12/2020,269.84,270.1,261.81,262.94,245.7,3633100
24/12/2020,271.36,272.03,267.19,268.82,251.2,1649400
23/12/2020,273.64,276.64,270.62,270.71,252.97,2350800
22/12/2020,272.5,273.34,268.28,273.28,255.37,3553600
21/12/2020,271.66,273.5,268.51,271.94,254.11,4989500
18/12/2020,283.5,284.52,274.96,275.57,257.51,15457100
17/12/2020,289.41,293.9,286.22,292.26,273.1,6006900
16/12/2020,287.38,290.85,286.61,288.81,269.88,2611800
15/12/2020,286.01,289.46,283.11,285.74,267.01,3018100
14/12/2020,296,296.35,285.41,285.54,266.82,2933900
11/12/2020,289.78,291.88,286.19,289.47,270.5,2354500
10/12/2020,291.26,294.38,288.61,290.9,271.22,2961000
9/12/2020,303.5,305.66,293.46,295.32,275.35,2644900
8/12/2020,298,303.65,297.72,301.45,281.06,2889100
7/12/2020,296.9,297.04,293.2,297.04,276.95,1483400
4/12/2020,294.36,298.98,293.12,294.88,274.94,1847700
3/12/2020,291.72,296.34,289.78,292.7,272.9,1955800
2/12/2020,287.22,293.84,285.03,291.72,271.99,2518000
1/12/2020,293.56,297.66,287.6,287.76,268.3,3051100
30/11/2020,287.99,290.9,280.54,286.58,267.2,3189000
27/11/2020,290.8,291.2,285.35,287.41,267.97,1248000
25/11/2020,291.81,292.78,286.56,288.3,268.8,2299600
24/11/2020,289.59,296.08,285.3,291.68,271.95,3711400
23/11/2020,280.21,286.4,280.2,286.35,266.98,2431600
20/11/2020,280.97,281.66,276.69,276.69,257.98,1885500
19/11/2020,283.77,285,276.88,279.85,260.92,2375000
18/11/2020,285.7,289.76,282.49,282.5,263.39,2874800
17/11/2020,281.87,286.2,276.9,285.05,265.77,2816700
16/11/2020,273.52,280.88,270.42,279.83,260.9,2474800
13/11/2020,267.99,273.72,267.99,271.91,253.52,1593700
12/11/2020,269.23,270.89,263.99,267.16,249.09,1924000
11/11/2020,271.17,271.31,266,267.81,249.7,1937700
10/11/2020,264.38,268.77,258,267.27,249.19,2874000
9/11/2020,274.24,274.5,256.35,263.88,246.03,5907200
6/11/2020,278.52,284.3,277.12,279.77,260.85,1894800
5/11/2020,273,282.27,273,279.07,260.19,2234600
4/11/2020,276.71,278.8,268.53,269.1,250.9,2810600
3/11/2020,271.95,276.92,268.12,274.48,255.92,2630800
2/11/2020,262.7,267.49,259.01,266.98,248.92,2042900
30/10/2020,264.6,265.99,255.56,259.47,241.92,2706900
29/10/2020,260.21,269.74,260.06,267.02,248.96,2680700
28/10/2020,262.73,266.92,258,259.99,242.41,4039200
27/10/2020,279.94,280.35,274.39,274.41,255.85,1912300
26/10/2020,279.99,280.5,273.4,277.62,258.84,2321400
23/10/2020,278.29,283.87,276.86,283.56,264.38,2498300
22/10/2020,283.58,285.64,274.02,275.95,257.29,2962900
21/10/2020,289.16,293.3,282.26,282.28,263.19,3219200
20/10/2020,284,292.69,283.11,287.4,267.96,3924900
19/10/2020,284.81,291.22,279.56,281.97,262.9,3453100
16/10/2020,284,287.16,282,283.87,264.67,2990300
15/10/2020,273.09,282.14,271.75,282.11,263.03,2254700
14/10/2020,274.75,278.96,273.77,276.24,257.56,2079400
13/10/2020,272.32,275.24,271.85,272.74,254.29,1657100
12/10/2020,272.26,274.21,271.32,273.5,255,2063600
9/10/2020,274.4,275,269.54,271.55,253.18,2172000
8/10/2020,269.73,272.52,266.35,271.06,252.73,1993000
7/10/2020,263.85,270.66,263.5,268.26,250.12,2986500
6/10/2020,260.12,264.98,258.18,259.27,241.73,3152200
5/10/2020,258.8,260.96,257.73,259.21,241.68,2427800
2/10/2020,250.55,258.55,250,255.2,237.94,3015300
1/10/2020,255.26,257.79,252.88,254.08,236.89,2862300
30/9/2020,253.47,257.51,249.5,251.52,234.51,2506000
29/9/2020,254.99,258.2,249.12,253.5,236.35,2195400
28/9/2020,255.27,259.95,254.08,254.44,237.23,3309800
25/9/2020,241.68,251.9,241.47,250.17,233.25,3212400
24/9/2020,244.01,247.2,239.5,244.22,227.7,3048300
23/9/2020,244.99,250.51,241.04,241.42,225.09,3083000
22/9/2020,239.51,243.78,235.63,243.42,226.96,2651700
21/9/2020,237.95,239.19,230.27,238.74,222.59,4109500
18/9/2020,242.97,248.2,241.95,242.78,226.36,4348700
17/9/2020,242.63,249.8,242.11,244.08,227.57,4254300
16/9/2020,253.03,256.18,246.3,250.3,233.37,17073300
15/9/2020,234.99,239.85,230.51,236.67,220.66,9847300
14/9/2020,240.99,241,232.57,236.34,220.35,6583700
11/9/2020,226.44,233.67,225.47,232.79,217.04,4865200
10/9/2020,229.49,229.49,222.89,224.44,209.26,2443300
9/9/2020,226,228.85,224.12,225.75,210.48,3222700
8/9/2020,223.79,225.75,219.72,221.05,206.1,2121100
4/9/2020,222.46,228.24,217.4,226.12,210.83,2879800
3/9/2020,228.13,231.58,218.59,220.97,206.02,4003800
2/9/2020,227.12,229,223.07,227.91,211.89,1680700
1/9/2020,219.99,226.55,219.14,225.46,209.61,1901800
31/8/2020,221.8,224.2,219.8,219.84,204.39,1839300
28/8/2020,218.23,223.66,218.01,221.9,206.3,2996100
27/8/2020,216.1,218.88,215.08,218.21,202.87,2014900
26/8/2020,215.73,217.12,214.08,215.77,200.6,1518200
25/8/2020,219.17,219.58,213.22,214.31,199.24,2160200
24/8/2020,212.96,217.95,211.99,217.4,202.12,3393700
21/8/2020,209.16,212.94,208.5,210.49,195.69,2034100
20/8/2020,206.23,209.2,205.06,208.82,194.14,1532800
19/8/2020,206.84,210.94,206.84,207.88,193.27,2218000
18/8/2020,206.37,208.43,204.18,206.97,192.42,3040400
17/8/2020,210,211.56,206.04,206.64,192.11,2662000
14/8/2020,202.07,209.64,201.86,208.6,193.94,4633000
13/8/2020,200.68,204.79,199.61,203.86,189.53,3663800
12/8/2020,200,206.24,199.02,201.96,187.76,6238400
11/8/2020,199.99,203.59,195.14,196.45,182.64,5998200
10/8/2020,188.16,200.46,187.34,199.98,185.92,10815100
7/8/2020,172.47,183.88,172.47,183.53,170.63,6311100
6/8/2020,172,173.48,171.32,172.24,160.13,1364900
5/8/2020,171.85,172.42,170.24,171.7,159.63,1309000
4/8/2020,169.22,171.48,169.2,170.66,158.66,1264000
3/8/2020,169.55,170.59,168.53,169.22,157.32,1503400
31/7/2020,172,172.71,167.99,168.4,156.56,2488000
30/7/2020,174.15,174.5,169.86,172.71,160.57,5407300
29/7/2020,167.1,171.37,167.01,169.55,157.63,4623800
28/7/2020,169.42,170.33,166.71,166.93,155.2,2374500
27/7/2020,165,170.72,163.86,170.64,158.64,2926400
24/7/2020,164.69,166.88,164.19,165.04,153.44,1545900
23/7/2020,165.41,167.39,164.65,165.99,154.32,1387200
22/7/2020,164.64,165.94,163.44,165.14,153.53,1231800
21/7/2020,165.1,167.56,164.41,165.5,153.87,1731700
20/7/2020,164.89,165.55,162.81,164.13,152.59,1593300
17/7/2020,167.28,168.12,164.91,165.98,154.31,2047900
16/7/2020,161.77,167.1,160.47,166.1,154.42,4100000
15/7/2020,160.42,162.53,159.04,161.25,149.91,3332800
14/7/2020,156.23,158.92,155.53,158.5,147.36,1641100
13/7/2020,160,160.22,155.66,156.23,145.25,1735900
10/7/2020,156.2,159.01,155.97,158.59,147.44,1746200
9/7/2020,158,158.75,155.32,155.74,144.79,2238300
8/7/2020,158.12,159.38,156.27,158.56,147.41,2110700
7/7/2020,154.27,159.95,154.13,158.54,147.4,2582800
6/7/2020,157.9,158.4,153.66,156.27,145.28,3015800
2/7/2020,158.6,159.72,155.28,155.48,144.55,4046900
1/7/2020,158.85,163.65,155.76,156.66,145.65,17967500
30/6/2020,136.22,140.75,134.92,140.22,130.36,6473300
29/6/2020,131.3,134.73,130.12,134.55,125.09,2336200
26/6/2020,135.2,135.38,129.28,130.08,120.94,3282000
25/6/2020,133.72,136.28,132.23,136.11,125.94,2310900
24/6/2020,137.65,138,134.13,135.09,124.99,2357300
23/6/2020,138.55,139.84,137.38,139.07,128.68,1385200
22/6/2020,136.55,137.75,135.2,137.38,127.11,1448100
19/6/2020,140.76,140.88,135.62,137.63,127.34,2828500
18/6/2020,134.92,139.34,134.5,138.39,128.05,2416200
17/6/2020,136.71,137.4,134.87,135.66,125.52,1214400
16/6/2020,138.15,139.37,133,135.54,125.41,1651800
15/6/2020,128.42,134.63,127.29,133.68,123.69,1835300
12/6/2020,134.59,135,129.14,132.72,122.8,2272900
11/6/2020,133.95,134.47,127.81,128.81,119.18,4389300
10/6/2020,144,144.41,140.32,140.4,129.91,2079600
9/6/2020,145.88,145.93,142.1,144.69,133.88,2253100
8/6/2020,144.94,149.99,144.14,149.38,138.22,2709900
5/6/2020,143,145.77,142,142.21,131.58,3583900
4/6/2020,137.3,139.25,135.65,139.21,128.81,2001300
3/6/2020,137,139.88,136.53,138.08,127.76,2728800
2/6/2020,130.83,134.59,130.71,134.2,124.17,2522000
1/6/2020,129.05,130.46,127.46,129.71,120.02,1990300
29/5/2020,130.19,130.89,126.44,130.56,120.8,3409400
28/5/2020,131,133.91,129.3,131.15,121.35,3238000
27/5/2020,128,130.78,125.5,130.43,120.68,3203000
26/5/2020,122.99,126.74,122.01,124.81,115.48,3823000
22/5/2020,115.75,117.56,114.92,117,108.26,2245900
21/5/2020,116.58,118.43,115.53,115.77,107.12,1740300
20/5/2020,116.8,119.48,115.83,117.01,108.27,2604100
19/5/2020,119,119.4,114.65,114.79,106.21,2484600
18/5/2020,113.49,120,112.79,119.19,110.28,3602300
15/5/2020,107.54,108.96,106.25,107.52,99.48,2940000
14/5/2020,107.36,109.18,103.4,109.11,100.96,3254700
13/5/2020,113.08,113.15,108.25,109.34,101.17,2905900
12/5/2020,118,118.11,113.08,113.14,104.68,1979400
11/5/2020,118.39,119.37,116.28,117.56,108.77,1863500
8/5/2020,118.25,120.89,118.18,120.44,111.44,1770900
7/5/2020,116.94,118.87,116.15,116.74,108.02,1842100
6/5/2020,118.89,119.42,115.08,115.12,106.52,1917100
5/5/2020,117.83,120.12,117.13,117.67,108.88,1703100
4/5/2020,117.12,117.56,114.61,115.85,107.19,2410400
1/5/2020,124.52,124.56,117.5,118.2,109.37,3141800
30/4/2020,127.93,127.93,125.75,126.77,117.3,1970400
29/4/2020,130,131.8,128.46,129.48,119.8,2172500
28/4/2020,129.81,129.89,125.16,127.74,118.19,2738700
27/4/2020,124.16,128.5,122.32,127.29,117.78,2395900
24/4/2020,121.41,123.19,119.48,123.06,113.86,2111000
23/4/2020,118.64,122.42,118.5,120.88,111.85,2021100
22/4/2020,122.52,122.97,118.45,118.54,109.68,2082500
21/4/2020,120.63,122.18,119.62,120.48,111.48,1605600
20/4/2020,122.53,125.67,121.83,122.64,113.47,2242000
17/4/2020,121,124.96,120.73,124.85,115.52,2464000
16/4/2020,119.73,121,117.12,119.08,110.18,2238700
15/4/2020,121.69,121.69,118.15,119.9,110.94,2945000
14/4/2020,125.74,126.98,122.05,125.08,115.73,3084200
13/4/2020,125.19,125.19,121.74,123.53,114.3,2821800
9/4/2020,129.61,130,120.16,122.29,113.15,4745600
8/4/2020,123,127.23,119.92,125.54,116.16,5576500
7/4/2020,124.91,125.48,115.75,115.95,107.28,3189300
6/4/2020,113.04,119.81,113.01,119.02,110.12,3512600
3/4/2020,115.24,116,107.69,109.22,101.06,3205200
2/4/2020,112.53,117.3,111.59,116.64,107.92,2336100
1/4/2020,116.01,118.75,112.3,113.48,105,2569600
31/3/2020,122.5,124.85,119.26,121.26,112.2,2643800
30/3/2020,122.38,125.61,119.25,124.31,115.02,2281000
27/3/2020,120.05,124.35,116,120.58,111.57,2619400
26/3/2020,119.36,127,119.01,125.6,116.21,2713900
25/3/2020,121.36,126.94,114.93,118.31,109.47,4133200
24/3/2020,118,121.8,115.43,120.04,111.07,3014400
23/3/2020,110.94,115.05,107.25,111.76,103.41,3933900
20/3/2020,113.88,118.7,106.59,111.06,102.76,4479200
19/3/2020,98.85,116.16,97.37,111.68,103.33,4646900
18/3/2020,90.39,100.7,89.8,99.68,92.23,6997700
17/3/2020,92.9,100.15,88.69,94.96,87.86,5548700
16/3/2020,92,99.87,90.49,90.49,83.73,4417400
13/3/2020,102.46,106.68,96,106.63,98.66,4275000
12/3/2020,103.2,105.18,96.2,97,89.75,5156500
11/3/2020,117.39,118.3,108.53,111.01,102.71,4746400
10/3/2020,120.14,121.75,113.87,120.67,111.65,3564900
9/3/2020,120.4,121.58,113.85,115.7,107.05,4048100
6/3/2020,125.75,130.65,123.79,127.68,118.14,3886300
5/3/2020,132.01,133.14,128.75,129.93,119.62,3150000
4/3/2020,135.06,136.46,132.18,136.41,125.58,2854700
3/3/2020,140,142.17,132.56,133.09,122.53,4373300
2/3/2020,142.18,142.52,135.28,139.75,128.66,4418600
28/2/2020,135,141.2,134.06,141.17,129.97,4391200
27/2/2020,140.76,145.49,136.48,138.76,127.75,3535000
26/2/2020,147.42,149.39,143.56,144.53,133.06,2766300
25/2/2020,155.66,155.8,144.81,145.6,134.04,4223800
24/2/2020,156.26,157.72,152.62,154.85,142.56,3116300
21/2/2020,163.26,164.14,161.69,163.25,150.29,1645300
20/2/2020,161.07,165.25,159.5,164.91,151.82,2602500
19/2/2020,159,161.69,158.83,161.14,148.35,1699300
18/2/2020,159.31,160.91,156.39,158.57,145.99,1924000
14/2/2020,160.46,161.29,158,158.62,146.03,1679000
13/2/2020,157.79,161.83,156.48,161.47,148.66,2624400
12/2/2020,159.2,159.81,157.23,158.51,145.93,1607500
11/2/2020,158.27,159.56,156.87,158,145.46,2016800
10/2/2020,158.8,160.29,156.2,156.78,144.34,3948600
7/2/2020,147.3,157.44,146.42,155.66,143.31,6532600
6/2/2020,151.38,151.38,148.49,148.63,136.83,1706800
5/2/2020,149.5,150.85,148.82,149.95,138.05,2013700
4/2/2020,146.37,148.24,146,147.51,135.8,2573700
3/2/2020,145.5,147.4,143.6,143.84,132.42,1988400
31/1/2020,147.1,147.29,143.59,144.64,133.16,3286200
30/1/2020,146,148.4,143.36,148.26,136.49,3380200
29/1/2020,149.16,150.07,147.91,148.06,136.31,2521600
28/1/2020,149.75,149.95,147.11,148.4,136.62,2190000
27/1/2020,150.11,150.18,147.51,148.49,136.71,3368400
24/1/2020,155.64,155.64,152.31,154.07,141.84,1973600
23/1/2020,155,155.34,152.73,154.88,142.59,2059100
22/1/2020,157.49,158.85,155.47,155.54,143.2,1911100
21/1/2020,159.1,159.16,156.81,157.53,145.03,2460400
17/1/2020,159.39,161.18,158.56,159.98,147.28,1846100
16/1/2020,160.59,161.47,158.84,159.54,146.88,2343700
15/1/2020,163.02,163.02,158.67,159.15,146.52,2971800
14/1/2020,159.15,164.5,158.62,162.13,149.26,5076600
13/1/2020,156.72,159.53,156.71,159.28,146.64,1985300
10/1/2020,158.07,158.43,156.14,156.63,144.2,2449600
9/1/2020,157.95,158.31,156.59,158.05,145.51,2240200
8/1/2020,154.57,157.75,153.93,157.13,144.66,3053200
7/1/2020,153.36,155.22,152.34,154.8,142.51,2140100
6/1/2020,151.25,153.55,150.17,153.3,141.13,2389700
3/1/2020,152.5,153.34,151.84,153.18,141.02,2216500
2/1/2020,152.42,155.1,151.6,155.1,142.79,3027600
31/12/2019,149.22,151.57,148.75,151.21,139.21,2153400
30/12/2019,153.1,153.3,149.94,150.14,138.22,2612600
27/12/2019,153.07,154.11,152.11,152.53,140.42,2693000
26/12/2019,150.9,152.78,150.51,152.49,140.39,2651300
24/12/2019,151.07,152.38,150.42,150.78,138.81,1797200
23/12/2019,149.56,152.76,148.5,151.69,139.65,4367700
20/12/2019,148.36,148.55,146.67,148.12,136.36,5260300
19/12/2019,147.07,148.82,146.24,147.02,135.35,5826300
18/12/2019,151.42,152.77,146.29,146.86,135.2,21540900
17/12/2019,161.5,164.78,161.02,163.23,150.28,5926900
16/12/2019,166.93,168.37,161.5,164.1,151.08,5052100
13/12/2019,165.64,167.87,163.91,165.67,152.52,2897200
12/12/2019,159.31,165.82,158.75,164.89,151.8,2987300
11/12/2019,157.25,159.52,156.39,159.08,146.45,1676000
10/12/2019,156.5,158.14,155.52,157,144.54,1633600
9/12/2019,156.2,157.48,156.02,156.51,144.09,1728200
6/12/2019,155,157.29,154.9,156.61,144.18,2436200
5/12/2019,154.84,154.89,152.34,153.94,141.12,1628200
4/12/2019,152.64,155.69,152.37,153.87,141.06,2300800
3/12/2019,154.22,154.47,151.02,151.14,138.56,3766100
2/12/2019,160.46,163.7,158.03,158.03,144.87,2704500
29/11/2019,161.11,161.46,159.83,160.05,146.73,789400
27/11/2019,161.75,162.07,160.21,161.51,148.06,1645900
26/11/2019,159.71,162.76,158.63,161.5,148.05,2769200
25/11/2019,157.41,160.34,156.39,159.54,146.26,2505800
22/11/2019,152.31,156.79,152.26,156.55,143.52,2226800
21/11/2019,152.5,153.77,151.75,152.08,139.42,1595400
20/11/2019,155,155.09,151.55,152.27,139.59,2476200
19/11/2019,158.21,158.23,155.17,155.52,142.57,1524300
18/11/2019,157.13,157.72,154.5,157.55,144.43,1794200
15/11/2019,157.27,158.51,156.35,158.33,145.15,1596800
14/11/2019,155.82,158,155.48,156.68,143.64,1826200
13/11/2019,160,160.01,156.15,156.23,143.22,2211900
12/11/2019,162.35,163.84,160.76,161.22,147.8,1279900
11/11/2019,161.96,163.02,161.33,162.18,148.68,1063400
8/11/2019,163.8,164,161.6,163.22,149.63,1152500
7/11/2019,165.46,166.83,163.47,163.92,150.27,1978200
6/11/2019,164.56,164.62,161.91,163.17,149.59,1767400
5/11/2019,164.6,167.59,163.01,164.85,151.13,2510200
4/11/2019,159.85,165.03,159.5,164.84,151.12,4303600
1/11/2019,154.16,157.1,153.96,156.52,143.49,2129400
31/10/2019,155,155.84,151.62,152.66,139.95,2110500
30/10/2019,157.75,157.76,154.02,155.84,142.87,1576200
29/10/2019,158.93,158.93,156.8,158.01,144.86,1464100
28/10/2019,158.9,160.39,157.17,158.4,145.21,2597100
25/10/2019,153.8,158.24,153.51,158.09,144.93,2080600
24/10/2019,156.3,156.98,153.04,154.05,141.23,1712600
23/10/2019,154.39,156.73,153.69,155.98,142.99,2174800
22/10/2019,151.32,154.69,149.85,154.63,141.76,2975000
21/10/2019,150.68,154.13,150.09,152.04,139.38,3459700
18/10/2019,150.48,151.12,149.19,149.91,137.43,2789600
17/10/2019,151.38,152.42,150.48,150.7,138.15,2585400
16/10/2019,150.03,152.36,149.75,150.77,138.22,3425100
